Date,Channel,Leads,Conversions,Ad Spend,Conversion Rate,Revenue
2024-01-01 00:00:00,Google Ads,121,32,1204,0.26,1600
2024-01-02 00:00:00,Google Ads,128,7,1083,0.05,350
2024-01-03 00:00:00,Google Ads,20,5,1074,0.25,250
2024-01-04 00:00:00,Google Ads,128,41,1161,0.32,2050
2024-01-05 00:00:00,Google Ads,58,5,847,0.09,250
2024-01-06 00:00:00,Google Ads,29,46,614,1.59,2300
2024-01-07 00:00:00,Google Ads,69,48,1307,0.7,2400
2024-01-08 00:00:00,Google Ads,45,10,1915,0.22,500
2024-01-09 00:00:00,Google Ads,74,9,824,0.12,450
2024-01-10 00:00:00,Google Ads,32,49,499,1.53,2450
2024-01-11 00:00:00,Google Ads,54,31,1138,0.57,1550
2024-01-12 00:00:00,Google Ads,148,25,1992,0.17,1250
2024-01-13 00:00:00,Google Ads,29,16,161,0.55,800
2024-01-14 00:00:00,Google Ads,127,21,920,0.17,1050
2024-01-15 00:00:00,Google Ads,136,16,1685,0.12,800
2024-01-16 00:00:00,Google Ads,45,37,1779,0.82,1850
2024-01-17 00:00:00,Google Ads,25,36,1950,1.44,1800
2024-01-18 00:00:00,Google Ads,87,35,426,0.4,1750
2024-01-19 00:00:00,Google Ads,68,8,1733,0.12,400
2024-01-20 00:00:00,Google Ads,147,6,1525,0.04,300
2024-01-21 00:00:00,Google Ads,91,44,1429,0.48,2200
2024-01-22 00:00:00,Google Ads,120,40,1482,0.33,2000
2024-01-23 00:00:00,Google Ads,96,10,1395,0.1,500
2024-01-24 00:00:00,Google Ads,103,45,1216,0.44,2250
2024-01-25 00:00:00,Google Ads,141,48,1153,0.34,2400
2024-01-26 00:00:00,Google Ads,84,7,466,0.08,350
2024-01-27 00:00:00,Google Ads,143,30,1416,0.21,1500
2024-01-28 00:00:00,Google Ads,115,20,813,0.17,1000
2024-01-29 00:00:00,Google Ads,53,36,504,0.68,1800
2024-01-30 00:00:00,Google Ads,46,38,538,0.83,1900
2024-01-31 00:00:00,Google Ads,107,27,1711,0.25,1350
2024-02-01 00:00:00,Google Ads,105,10,1550,0.1,500
2024-02-02 00:00:00,Google Ads,116,8,1082,0.07,400
2024-02-03 00:00:00,Google Ads,62,19,295,0.31,950
2024-02-04 00:00:00,Google Ads,102,35,1825,0.34,1750
2024-02-05 00:00:00,Google Ads,62,22,1418,0.35,1100
2024-02-06 00:00:00,Google Ads,116,17,394,0.15,850
2024-02-07 00:00:00,Google Ads,106,23,1351,0.22,1150
2024-02-08 00:00:00,Google Ads,76,26,1105,0.34,1300
2024-02-09 00:00:00,Google Ads,120,42,540,0.35,2100
2024-02-10 00:00:00,Google Ads,118,18,1253,0.15,900
2024-02-11 00:00:00,Google Ads,52,16,640,0.31,800
2024-02-12 00:00:00,Google Ads,73,45,717,0.62,2250
2024-02-13 00:00:00,Google Ads,32,48,508,1.5,2400
2024-02-14 00:00:00,Google Ads,45,8,571,0.18,400
2024-02-15 00:00:00,Google Ads,32,36,526,1.12,1800
2024-02-16 00:00:00,Google Ads,86,35,1021,0.41,1750
2024-02-17 00:00:00,Google Ads,42,19,158,0.45,950
2024-02-18 00:00:00,Google Ads,126,12,1608,0.1,600
2024-02-19 00:00:00,Google Ads,102,35,1610,0.34,1750
2024-02-20 00:00:00,Google Ads,30,16,382,0.53,800
2024-02-21 00:00:00,Google Ads,82,6,1645,0.07,300
2024-02-22 00:00:00,Google Ads,120,6,1354,0.05,300
2024-02-23 00:00:00,Google Ads,57,45,1420,0.79,2250
2024-02-24 00:00:00,Google Ads,58,7,669,0.12,350
2024-02-25 00:00:00,Google Ads,123,43,1006,0.35,2150
2024-02-26 00:00:00,Google Ads,71,34,1782,0.48,1700
2024-02-27 00:00:00,Google Ads,137,14,276,0.1,700
2024-02-28 00:00:00,Google Ads,91,13,1822,0.14,650
2024-02-29 00:00:00,Google Ads,43,49,1936,1.14,2450
2024-03-01 00:00:00,Google Ads,123,10,1933,0.08,500
2024-03-02 00:00:00,Google Ads,125,33,1061,0.26,1650
2024-03-03 00:00:00,Google Ads,102,19,332,0.19,950
2024-03-04 00:00:00,Google Ads,33,18,944,0.55,900
2024-03-05 00:00:00,Google Ads,112,27,394,0.24,1350
2024-03-06 00:00:00,Google Ads,20,30,714,1.5,1500
2024-03-07 00:00:00,Google Ads,46,43,1108,0.93,2150
2024-03-08 00:00:00,Google Ads,142,47,1212,0.33,2350
2024-03-09 00:00:00,Google Ads,116,40,1427,0.34,2000
2024-03-10 00:00:00,Google Ads,104,13,1858,0.12,650
2024-03-11 00:00:00,Google Ads,141,36,727,0.26,1800
2024-03-12 00:00:00,Google Ads,113,21,1236,0.19,1050
2024-03-13 00:00:00,Google Ads,131,17,559,0.13,850
2024-03-14 00:00:00,Google Ads,135,39,524,0.29,1950
2024-03-15 00:00:00,Google Ads,35,7,1426,0.2,350
2024-03-16 00:00:00,Google Ads,133,42,1454,0.32,2100
2024-03-17 00:00:00,Google Ads,149,33,481,0.22,1650
2024-03-18 00:00:00,Google Ads,109,30,1012,0.28,1500
2024-03-19 00:00:00,Google Ads,101,45,1280,0.45,2250
2024-03-20 00:00:00,Google Ads,122,49,1320,0.4,2450
2024-03-21 00:00:00,Google Ads,56,11,1822,0.2,550
2024-03-22 00:00:00,Google Ads,42,22,926,0.52,1100
2024-03-23 00:00:00,Google Ads,110,6,1339,0.05,300
2024-03-24 00:00:00,Google Ads,134,45,1415,0.34,2250
2024-03-25 00:00:00,Google Ads,23,25,624,1.09,1250
2024-03-26 00:00:00,Google Ads,63,18,260,0.29,900
2024-03-27 00:00:00,Google Ads,98,18,510,0.18,900
2024-03-28 00:00:00,Google Ads,113,27,1022,0.24,1350
2024-03-29 00:00:00,Google Ads,102,23,920,0.23,1150
2024-03-30 00:00:00,Google Ads,92,23,453,0.25,1150
2024-01-01 00:00:00,Facebook Ads,99,42,1314,0.42,2100
2024-01-02 00:00:00,Facebook Ads,130,18,1440,0.14,900
2024-01-03 00:00:00,Facebook Ads,108,6,1746,0.06,300
2024-01-04 00:00:00,Facebook Ads,133,19,1993,0.14,950
2024-01-05 00:00:00,Facebook Ads,142,13,826,0.09,650
2024-01-06 00:00:00,Facebook Ads,121,48,1550,0.4,2400
2024-01-07 00:00:00,Facebook Ads,98,7,313,0.07,350
2024-01-08 00:00:00,Facebook Ads,73,8,354,0.11,400
2024-01-09 00:00:00,Facebook Ads,86,31,423,0.36,1550
2024-01-10 00:00:00,Facebook Ads,102,49,950,0.48,2450
2024-01-11 00:00:00,Facebook Ads,144,27,1775,0.19,1350
2024-01-12 00:00:00,Facebook Ads,23,10,355,0.43,500
2024-01-13 00:00:00,Facebook Ads,66,9,1424,0.14,450
2024-01-14 00:00:00,Facebook Ads,145,13,1107,0.09,650
2024-01-15 00:00:00,Facebook Ads,95,41,1428,0.43,2050
2024-01-16 00:00:00,Facebook Ads,52,8,1058,0.15,400
2024-01-17 00:00:00,Facebook Ads,44,43,142,0.98,2150
2024-01-18 00:00:00,Facebook Ads,56,18,487,0.32,900
2024-01-19 00:00:00,Facebook Ads,136,44,754,0.32,2200
2024-01-20 00:00:00,Facebook Ads,126,8,1543,0.06,400
2024-01-21 00:00:00,Facebook Ads,23,16,1886,0.7,800
2024-01-22 00:00:00,Facebook Ads,73,39,457,0.53,1950
2024-01-23 00:00:00,Facebook Ads,129,30,1317,0.23,1500
2024-01-24 00:00:00,Facebook Ads,105,18,131,0.17,900
2024-01-25 00:00:00,Facebook Ads,68,12,947,0.18,600
2024-01-26 00:00:00,Facebook Ads,41,14,1316,0.34,700
2024-01-27 00:00:00,Facebook Ads,146,14,944,0.1,700
2024-01-28 00:00:00,Facebook Ads,49,40,991,0.82,2000
2024-01-29 00:00:00,Facebook Ads,111,21,538,0.19,1050
2024-01-30 00:00:00,Facebook Ads,78,21,820,0.27,1050
2024-01-31 00:00:00,Facebook Ads,92,14,1510,0.15,700
2024-02-01 00:00:00,Facebook Ads,27,40,161,1.48,2000
2024-02-02 00:00:00,Facebook Ads,52,7,1752,0.13,350
2024-02-03 00:00:00,Facebook Ads,68,25,1218,0.37,1250
2024-02-04 00:00:00,Facebook Ads,130,6,1338,0.05,300
2024-02-05 00:00:00,Facebook Ads,40,22,664,0.55,1100
2024-02-06 00:00:00,Facebook Ads,120,28,1381,0.23,1400
2024-02-07 00:00:00,Facebook Ads,45,49,1813,1.09,2450
2024-02-08 00:00:00,Facebook Ads,72,29,932,0.4,1450
2024-02-09 00:00:00,Facebook Ads,71,38,932,0.54,1900
2024-02-10 00:00:00,Facebook Ads,77,21,1274,0.27,1050
2024-02-11 00:00:00,Facebook Ads,126,37,536,0.29,1850
2024-02-12 00:00:00,Facebook Ads,24,40,800,1.67,2000
2024-02-13 00:00:00,Facebook Ads,50,35,1560,0.7,1750
2024-02-14 00:00:00,Facebook Ads,70,33,874,0.47,1650
2024-02-15 00:00:00,Facebook Ads,67,27,1265,0.4,1350
2024-02-16 00:00:00,Facebook Ads,66,17,1691,0.26,850
2024-02-17 00:00:00,Facebook Ads,79,10,1808,0.13,500
2024-02-18 00:00:00,Facebook Ads,134,41,1346,0.31,2050
2024-02-19 00:00:00,Facebook Ads,65,15,1626,0.23,750
2024-02-20 00:00:00,Facebook Ads,134,8,1767,0.06,400
2024-02-21 00:00:00,Facebook Ads,62,11,957,0.18,550
2024-02-22 00:00:00,Facebook Ads,57,10,418,0.18,500
2024-02-23 00:00:00,Facebook Ads,129,10,1292,0.08,500
2024-02-24 00:00:00,Facebook Ads,89,46,718,0.52,2300
2024-02-25 00:00:00,Facebook Ads,76,16,1752,0.21,800
2024-02-26 00:00:00,Facebook Ads,49,5,1481,0.1,250
2024-02-27 00:00:00,Facebook Ads,112,38,837,0.34,1900
2024-02-28 00:00:00,Facebook Ads,127,45,119,0.35,2250
2024-02-29 00:00:00,Facebook Ads,59,44,456,0.75,2200
2024-03-01 00:00:00,Facebook Ads,131,33,1595,0.25,1650
2024-03-02 00:00:00,Facebook Ads,96,36,1158,0.38,1800
2024-03-03 00:00:00,Facebook Ads,43,28,1392,0.65,1400
2024-03-04 00:00:00,Facebook Ads,38,25,508,0.66,1250
2024-03-05 00:00:00,Facebook Ads,107,14,666,0.13,700
2024-03-06 00:00:00,Facebook Ads,54,30,999,0.56,1500
2024-03-07 00:00:00,Facebook Ads,50,44,800,0.88,2200
2024-03-08 00:00:00,Facebook Ads,111,20,341,0.18,1000
2024-03-09 00:00:00,Facebook Ads,26,34,286,1.31,1700
2024-03-10 00:00:00,Facebook Ads,133,26,1592,0.2,1300
2024-03-11 00:00:00,Facebook Ads,122,48,616,0.39,2400
2024-03-12 00:00:00,Facebook Ads,88,17,962,0.19,850
2024-03-13 00:00:00,Facebook Ads,84,24,1669,0.29,1200
2024-03-14 00:00:00,Facebook Ads,116,14,105,0.12,700
2024-03-15 00:00:00,Facebook Ads,120,8,315,0.07,400
2024-03-16 00:00:00,Facebook Ads,109,29,1940,0.27,1450
2024-03-17 00:00:00,Facebook Ads,125,37,647,0.3,1850
2024-03-18 00:00:00,Facebook Ads,129,41,625,0.32,2050
2024-03-19 00:00:00,Facebook Ads,139,12,1510,0.09,600
2024-03-20 00:00:00,Facebook Ads,127,35,633,0.28,1750
2024-03-21 00:00:00,Facebook Ads,105,42,1717,0.4,2100
2024-03-22 00:00:00,Facebook Ads,49,12,1030,0.24,600
2024-03-23 00:00:00,Facebook Ads,105,22,1220,0.21,1100
2024-03-24 00:00:00,Facebook Ads,96,33,705,0.34,1650
2024-03-25 00:00:00,Facebook Ads,98,32,1255,0.33,1600
2024-03-26 00:00:00,Facebook Ads,25,49,590,1.96,2450
2024-03-27 00:00:00,Facebook Ads,117,47,1148,0.4,2350
2024-03-28 00:00:00,Facebook Ads,96,46,1905,0.48,2300
2024-03-29 00:00:00,Facebook Ads,99,13,527,0.13,650
2024-03-30 00:00:00,Facebook Ads,132,15,713,0.11,750
2024-01-01 00:00:00,LinkedIn Ads,141,34,1666,0.24,1700
2024-01-02 00:00:00,LinkedIn Ads,73,25,131,0.34,1250
2024-01-03 00:00:00,LinkedIn Ads,56,33,229,0.59,1650
2024-01-04 00:00:00,LinkedIn Ads,149,6,358,0.04,300
2024-01-05 00:00:00,LinkedIn Ads,32,32,300,1,1600
2024-01-06 00:00:00,LinkedIn Ads,147,17,161,0.12,850
2024-01-07 00:00:00,LinkedIn Ads,139,9,565,0.06,450
2024-01-08 00:00:00,LinkedIn Ads,145,40,271,0.28,2000
2024-01-09 00:00:00,LinkedIn Ads,88,41,748,0.47,2050
2024-01-10 00:00:00,LinkedIn Ads,99,25,1391,0.25,1250
2024-01-11 00:00:00,LinkedIn Ads,55,14,923,0.25,700
2024-01-12 00:00:00,LinkedIn Ads,79,41,1138,0.52,2050
2024-01-13 00:00:00,LinkedIn Ads,108,31,1579,0.29,1550
2024-01-14 00:00:00,LinkedIn Ads,58,26,429,0.45,1300
2024-01-15 00:00:00,LinkedIn Ads,32,26,119,0.81,1300
2024-01-16 00:00:00,LinkedIn Ads,64,6,1220,0.09,300
2024-01-17 00:00:00,LinkedIn Ads,89,38,1153,0.43,1900
2024-01-18 00:00:00,LinkedIn Ads,27,26,806,0.96,1300
2024-01-19 00:00:00,LinkedIn Ads,62,8,1282,0.13,400
2024-01-20 00:00:00,LinkedIn Ads,33,27,282,0.82,1350
2024-01-21 00:00:00,LinkedIn Ads,133,21,1824,0.16,1050
2024-01-22 00:00:00,LinkedIn Ads,148,16,398,0.11,800
2024-01-23 00:00:00,LinkedIn Ads,21,13,1732,0.62,650
2024-01-24 00:00:00,LinkedIn Ads,32,48,1161,1.5,2400
2024-01-25 00:00:00,LinkedIn Ads,106,43,163,0.41,2150
2024-01-26 00:00:00,LinkedIn Ads,87,6,202,0.07,300
2024-01-27 00:00:00,LinkedIn Ads,104,8,1176,0.08,400
2024-01-28 00:00:00,LinkedIn Ads,40,28,1823,0.7,1400
2024-01-29 00:00:00,LinkedIn Ads,124,19,1082,0.15,950
2024-01-30 00:00:00,LinkedIn Ads,116,42,589,0.36,2100
2024-01-31 00:00:00,LinkedIn Ads,129,23,1819,0.18,1150
2024-02-01 00:00:00,LinkedIn Ads,94,6,656,0.06,300
2024-02-02 00:00:00,LinkedIn Ads,73,33,444,0.45,1650
2024-02-03 00:00:00,LinkedIn Ads,85,28,210,0.33,1400
2024-02-04 00:00:00,LinkedIn Ads,66,22,841,0.33,1100
2024-02-05 00:00:00,LinkedIn Ads,100,39,1641,0.39,1950
2024-02-06 00:00:00,LinkedIn Ads,41,29,1672,0.71,1450
2024-02-07 00:00:00,LinkedIn Ads,91,13,1626,0.14,650
2024-02-08 00:00:00,LinkedIn Ads,74,22,1135,0.3,1100
2024-02-09 00:00:00,LinkedIn Ads,48,21,1312,0.44,1050
2024-02-10 00:00:00,LinkedIn Ads,43,24,1129,0.56,1200
2024-02-11 00:00:00,LinkedIn Ads,74,37,1471,0.5,1850
2024-02-12 00:00:00,LinkedIn Ads,41,14,570,0.34,700
2024-02-13 00:00:00,LinkedIn Ads,42,40,109,0.95,2000
2024-02-14 00:00:00,LinkedIn Ads,110,24,354,0.22,1200
2024-02-15 00:00:00,LinkedIn Ads,26,42,1636,1.62,2100
2024-02-16 00:00:00,LinkedIn Ads,39,47,636,1.21,2350
2024-02-17 00:00:00,LinkedIn Ads,50,13,1434,0.26,650
2024-02-18 00:00:00,LinkedIn Ads,116,21,1265,0.18,1050
2024-02-19 00:00:00,LinkedIn Ads,39,9,342,0.23,450
2024-02-20 00:00:00,LinkedIn Ads,48,15,1091,0.31,750
2024-02-21 00:00:00,LinkedIn Ads,34,25,1013,0.74,1250
2024-02-22 00:00:00,LinkedIn Ads,118,34,506,0.29,1700
2024-02-23 00:00:00,LinkedIn Ads,67,6,770,0.09,300
2024-02-24 00:00:00,LinkedIn Ads,43,31,1927,0.72,1550
2024-02-25 00:00:00,LinkedIn Ads,72,37,1448,0.51,1850
2024-02-26 00:00:00,LinkedIn Ads,34,19,1405,0.56,950
2024-02-27 00:00:00,LinkedIn Ads,38,36,1869,0.95,1800
2024-02-28 00:00:00,LinkedIn Ads,78,46,754,0.59,2300
2024-02-29 00:00:00,LinkedIn Ads,51,28,1214,0.55,1400
2024-03-01 00:00:00,LinkedIn Ads,99,21,1143,0.21,1050
2024-03-02 00:00:00,LinkedIn Ads,102,8,1236,0.08,400
2024-03-03 00:00:00,LinkedIn Ads,46,43,1509,0.93,2150
2024-03-04 00:00:00,LinkedIn Ads,147,46,1243,0.31,2300
2024-03-05 00:00:00,LinkedIn Ads,106,42,1444,0.4,2100
2024-03-06 00:00:00,LinkedIn Ads,55,30,1462,0.55,1500
2024-03-07 00:00:00,LinkedIn Ads,38,19,558,0.5,950
2024-03-08 00:00:00,LinkedIn Ads,122,39,227,0.32,1950
2024-03-09 00:00:00,LinkedIn Ads,139,17,823,0.12,850
2024-03-10 00:00:00,LinkedIn Ads,46,42,1603,0.91,2100
2024-03-11 00:00:00,LinkedIn Ads,70,48,509,0.69,2400
2024-03-12 00:00:00,LinkedIn Ads,101,17,808,0.17,850
2024-03-13 00:00:00,LinkedIn Ads,146,18,637,0.12,900
2024-03-14 00:00:00,LinkedIn Ads,27,37,101,1.37,1850
2024-03-15 00:00:00,LinkedIn Ads,132,17,142,0.13,850
2024-03-16 00:00:00,LinkedIn Ads,83,46,1398,0.55,2300
2024-03-17 00:00:00,LinkedIn Ads,115,33,1460,0.29,1650
2024-03-18 00:00:00,LinkedIn Ads,111,32,1953,0.29,1600
2024-03-19 00:00:00,LinkedIn Ads,121,46,301,0.38,2300
2024-03-20 00:00:00,LinkedIn Ads,54,36,758,0.67,1800
2024-03-21 00:00:00,LinkedIn Ads,41,45,1722,1.1,2250
2024-03-22 00:00:00,LinkedIn Ads,90,11,443,0.12,550
2024-03-23 00:00:00,LinkedIn Ads,148,5,1933,0.03,250
2024-03-24 00:00:00,LinkedIn Ads,127,46,1564,0.36,2300
2024-03-25 00:00:00,LinkedIn Ads,35,40,511,1.14,2000
2024-03-26 00:00:00,LinkedIn Ads,77,11,153,0.14,550
2024-03-27 00:00:00,LinkedIn Ads,145,46,314,0.32,2300
2024-03-28 00:00:00,LinkedIn Ads,26,43,1715,1.65,2150
2024-03-29 00:00:00,LinkedIn Ads,103,47,360,0.46,2350
2024-03-30 00:00:00,LinkedIn Ads,53,34,392,0.64,1700
2024-01-01 00:00:00,Instagram Ads,36,49,1252,1.36,2450
2024-01-02 00:00:00,Instagram Ads,110,40,1417,0.36,2000
2024-01-03 00:00:00,Instagram Ads,136,34,1091,0.25,1700
2024-01-04 00:00:00,Instagram Ads,124,26,1075,0.21,1300
2024-01-05 00:00:00,Instagram Ads,122,48,837,0.39,2400
2024-01-06 00:00:00,Instagram Ads,95,47,1939,0.49,2350
2024-01-07 00:00:00,Instagram Ads,82,27,1928,0.33,1350
2024-01-08 00:00:00,Instagram Ads,122,11,596,0.09,550
2024-01-09 00:00:00,Instagram Ads,69,36,1740,0.52,1800
2024-01-10 00:00:00,Instagram Ads,38,11,442,0.29,550
2024-01-11 00:00:00,Instagram Ads,22,27,825,1.23,1350
2024-01-12 00:00:00,Instagram Ads,141,5,101,0.04,250
2024-01-13 00:00:00,Instagram Ads,21,25,1640,1.19,1250
2024-01-14 00:00:00,Instagram Ads,20,15,516,0.75,750
2024-01-15 00:00:00,Instagram Ads,54,25,596,0.46,1250
2024-01-16 00:00:00,Instagram Ads,31,39,249,1.26,1950
2024-01-17 00:00:00,Instagram Ads,128,39,1389,0.3,1950
2024-01-18 00:00:00,Instagram Ads,101,10,1711,0.1,500
2024-01-19 00:00:00,Instagram Ads,93,42,245,0.45,2100
2024-01-20 00:00:00,Instagram Ads,39,32,759,0.82,1600
2024-01-21 00:00:00,Instagram Ads,92,47,1388,0.51,2350
2024-01-22 00:00:00,Instagram Ads,66,5,1564,0.08,250
2024-01-23 00:00:00,Instagram Ads,109,15,1720,0.14,750
2024-01-24 00:00:00,Instagram Ads,130,48,1332,0.37,2400
2024-01-25 00:00:00,Instagram Ads,37,41,1669,1.11,2050
2024-01-26 00:00:00,Instagram Ads,50,12,601,0.24,600
2024-01-27 00:00:00,Instagram Ads,88,44,1881,0.5,2200
2024-01-28 00:00:00,Instagram Ads,86,37,1029,0.43,1850
2024-01-29 00:00:00,Instagram Ads,136,21,445,0.15,1050
2024-01-30 00:00:00,Instagram Ads,133,6,1864,0.05,300
2024-01-31 00:00:00,Instagram Ads,30,37,109,1.23,1850
2024-02-01 00:00:00,Instagram Ads,59,41,1762,0.69,2050
2024-02-02 00:00:00,Instagram Ads,83,35,1990,0.42,1750
2024-02-03 00:00:00,Instagram Ads,99,15,1050,0.15,750
2024-02-04 00:00:00,Instagram Ads,46,37,1563,0.8,1850
2024-02-05 00:00:00,Instagram Ads,56,27,1497,0.48,1350
2024-02-06 00:00:00,Instagram Ads,77,6,1670,0.08,300
2024-02-07 00:00:00,Instagram Ads,36,39,1623,1.08,1950
2024-02-08 00:00:00,Instagram Ads,84,31,1205,0.37,1550
2024-02-09 00:00:00,Instagram Ads,142,38,373,0.27,1900
2024-02-10 00:00:00,Instagram Ads,28,7,1409,0.25,350
2024-02-11 00:00:00,Instagram Ads,125,29,1076,0.23,1450
2024-02-12 00:00:00,Instagram Ads,31,9,371,0.29,450
2024-02-13 00:00:00,Instagram Ads,89,42,1984,0.47,2100
2024-02-14 00:00:00,Instagram Ads,81,40,352,0.49,2000
2024-02-15 00:00:00,Instagram Ads,26,26,750,1,1300
2024-02-16 00:00:00,Instagram Ads,142,21,209,0.15,1050
2024-02-17 00:00:00,Instagram Ads,126,30,1006,0.24,1500
2024-02-18 00:00:00,Instagram Ads,50,25,1748,0.5,1250
2024-02-19 00:00:00,Instagram Ads,37,49,942,1.32,2450
2024-02-20 00:00:00,Instagram Ads,88,28,1047,0.32,1400
2024-02-21 00:00:00,Instagram Ads,140,36,1903,0.26,1800
2024-02-22 00:00:00,Instagram Ads,28,11,1260,0.39,550
2024-02-23 00:00:00,Instagram Ads,148,36,1001,0.24,1800
2024-02-24 00:00:00,Instagram Ads,134,27,283,0.2,1350
2024-02-25 00:00:00,Instagram Ads,80,26,1152,0.32,1300
2024-02-26 00:00:00,Instagram Ads,78,27,1650,0.35,1350
2024-02-27 00:00:00,Instagram Ads,122,14,518,0.11,700
2024-02-28 00:00:00,Instagram Ads,71,45,338,0.63,2250
2024-02-29 00:00:00,Instagram Ads,133,24,469,0.18,1200
2024-03-01 00:00:00,Instagram Ads,93,46,1723,0.49,2300
2024-03-02 00:00:00,Instagram Ads,42,9,1178,0.21,450
2024-03-03 00:00:00,Instagram Ads,139,42,375,0.3,2100
2024-03-04 00:00:00,Instagram Ads,134,37,1650,0.28,1850
2024-03-05 00:00:00,Instagram Ads,99,12,634,0.12,600
2024-03-06 00:00:00,Instagram Ads,28,40,161,1.43,2000
2024-03-07 00:00:00,Instagram Ads,120,28,815,0.23,1400
2024-03-08 00:00:00,Instagram Ads,23,20,1979,0.87,1000
2024-03-09 00:00:00,Instagram Ads,77,43,486,0.56,2150
2024-03-10 00:00:00,Instagram Ads,139,31,745,0.22,1550
2024-03-11 00:00:00,Instagram Ads,33,38,464,1.15,1900
2024-03-12 00:00:00,Instagram Ads,107,10,1483,0.09,500
2024-03-13 00:00:00,Instagram Ads,28,49,609,1.75,2450
2024-03-14 00:00:00,Instagram Ads,79,19,980,0.24,950
2024-03-15 00:00:00,Instagram Ads,70,18,1170,0.26,900
2024-03-16 00:00:00,Instagram Ads,35,6,1173,0.17,300
2024-03-17 00:00:00,Instagram Ads,111,44,295,0.4,2200
2024-03-18 00:00:00,Instagram Ads,51,36,367,0.71,1800
2024-03-19 00:00:00,Instagram Ads,71,17,597,0.24,850
2024-03-20 00:00:00,Instagram Ads,77,35,1670,0.45,1750
2024-03-21 00:00:00,Instagram Ads,46,34,1168,0.74,1700
2024-03-22 00:00:00,Instagram Ads,46,31,135,0.67,1550
2024-03-23 00:00:00,Instagram Ads,99,36,451,0.36,1800
2024-03-24 00:00:00,Instagram Ads,131,43,283,0.33,2150
2024-03-25 00:00:00,Instagram Ads,69,45,806,0.65,2250
2024-03-26 00:00:00,Instagram Ads,44,39,1499,0.89,1950
2024-03-27 00:00:00,Instagram Ads,71,31,887,0.44,1550
2024-03-28 00:00:00,Instagram Ads,134,28,1140,0.21,1400
2024-03-29 00:00:00,Instagram Ads,49,24,1297,0.49,1200
2024-03-30 00:00:00,Instagram Ads,134,33,397,0.25,1650
